Date,Open,High,Low,Close,Volume,Dividends,Stock Splits,Change,MA,Slope,Volatility,Upper,Lower,Trend
20250221,3356.695068359375,3381.05810546875,3339.02587890625,3379.113037109375,608200,0.0,0.0,,,,,,,Sideways
20250224,3374.0810546875,3384.81103515625,3355.868896484375,3373.028076171875,598200,0.0,0.0,-0.18,,,,,,Sideways
20250225,3345.653076171875,3369.55810546875,3337.844970703125,3346.0400390625,527600,0.0,0.0,-0.8,,,,,,Sideways
20250226,3351.208984375,3380.214111328125,3351.208984375,3380.214111328125,554000,0.0,0.0,1.02,,,,,,Sideways
20250227,3378.448974609375,3388.781005859375,3353.571044921875,3388.06201171875,575800,0.0,0.0,0.23,3373.291455078125,,,,,Sideways
20250228,3374.6640625,3383.19091796875,3318.716064453125,3320.89697265625,568300,0.0,0.0,-1.98,3361.6482421875,-58.216064453125,,,,Bearish
20250303,3328.39599609375,3349.01708984375,3304.593017578125,3316.925048828125,502400,0.0,0.0,-0.12,3350.42763671875,-56.10302734375,,,,Bearish
20250304,3300.498046875,3327.823974609375,3297.530029296875,3324.2099609375,430000,0.0,0.0,0.22,3346.06162109375,-21.830078125,,,,Bearish
20250305,3324.696044921875,3342.714111328125,3314.14794921875,3341.965087890625,461000,0.0,0.0,0.53,3338.41181640625,-38.2490234375,,,,Sideways
20250306,3353.570068359375,3387.053955078125,3348.68408203125,3381.097900390625,540000,0.0,0.0,1.17,3337.018994140625,-6.964111328125,,,,Sideways
20250307,3373.180908203125,3390.944091796875,3363.928955078125,3372.5458984375,517700,0.0,0.0,-0.25,3347.348779296875,51.64892578125,,,,Bullish
20250310,3373.259033203125,3375.798095703125,3347.18603515625,3366.1630859375,450400,0.0,0.0,-0.19,3357.19638671875,49.238037109375,,,,Bullish
20250311,3335.43896484375,3379.8291015625,3334.8310546875,3379.827880859375,448500,0.0,0.0,0.41,3368.319970703125,55.617919921875,,,,Bullish
20250312,3385.68505859375,3392.408935546875,3370.219970703125,3371.924072265625,502200,0.0,0.0,-0.23,3374.311767578125,29.958984375,,,,Sideways
20250313,3371.094970703125,3377.117919921875,3341.117919921875,3358.72900390625,519000,0.0,0.0,-0.39,3369.83798828125,-22.368896484375,,,,Bearish
20250314,3361.68603515625,3421.23291015625,3360.60595703125,3419.56201171875,582700,0.0,0.0,1.81,3379.2412109375,47.01611328125,,,,Bullish
20250317,3430.80908203125,3436.35205078125,3422.4619140625,3426.12890625,515700,0.0,0.0,0.19,3391.234375,59.9658203125,,,,Bullish
20250318,3434.56494140625,3437.06494140625,3423.301025390625,3429.759033203125,454900,0.0,0.0,0.11,3401.22060546875,49.93115234375,,,,Bullish
20250319,3424.173095703125,3439.0458984375,3414.593017578125,3426.428955078125,440300,0.0,0.0,-0.1,3412.12158203125,54.5048828125,,,,Bullish
20250320,3425.216064453125,3427.044921875,3404.662109375,3408.947998046875,451600,0.0,0.0,-0.51,3422.165380859375,50.218994140625,,,,Sideways
20250321,3401.759033203125,3414.708984375,3355.840087890625,3364.8310546875,520900,0.0,0.0,-1.29,3411.219189453125,-54.73095703125,0.8310670059754824,1.2466005089632237,-1.2466005089632237,Bearish
20250324,3364.833984375,3373.694091796875,3340.238037109375,3370.028076171875,513300,0.0,0.0,0.15,3399.9990234375,-56.100830078125,0.8309468283704725,1.2464202425557087,-1.2464202425557087,Bearish
20250325,3370.0009765625,3379.988037109375,3361.0458984375,3369.97607421875,456400,0.0,0.0,-0.0,3388.042431640625,-59.782958984375,0.809437101356635,1.2141556520349526,-1.2141556520349526,Bearish
20250326,3365.666015625,3382.342041015625,3365.666015625,3368.697021484375,428500,0.0,0.0,-0.04,3376.496044921875,-57.73193359375,0.7758282501199673,1.163742375179951,-1.163742375179951,Bearish
20250327,3362.7119140625,3394.034912109375,3351.174072265625,3373.7490234375,414800,0.0,0.0,0.15,3369.45625,-35.198974609375,0.774709453177193,1.1620641797657894,-1.1620641797657894,Sideways
20250328,3372.0390625,3375.052978515625,3346.0810546875,3351.306884765625,412300,0.0,0.0,-0.67,3366.751416015625,-13.524169921875,0.6445387987994942,0.9668081981992412,-0.9668081981992412,Bearish
20250331,3343.343994140625,3361.741943359375,3317.738037109375,3335.74609375,472600,0.0,0.0,-0.46,3359.89501953125,-34.281982421875,0.6536092104614194,0.9804138156921292,-0.9804138156921292,Bearish
20250401,3340.7119140625,3357.6220703125,3338.779052734375,3348.43505859375,422600,0.0,0.0,0.38,3355.58681640625,-21.541015625,0.6570209882091808,0.9855314823137711,-0.9855314823137711,Bearish
20250402,3344.1708984375,3361.134033203125,3343.115966796875,3350.126953125,350100,0.0,0.0,0.05,3351.872802734375,-18.570068359375,0.646809782499339,0.9702146737490085,-0.9702146737490085,Bearish
20250403,3319.60595703125,3358.426025390625,3319.60595703125,3342.008056640625,400500,0.0,0.0,-0.24,3345.524609375,-31.740966796875,0.5884448728819487,0.882667309322923,-0.882667309322923,Bearish
20250407,3193.10205078125,3217.781982421875,3040.693115234375,3096.575927734375,662200,0.0,0.0,-7.34,3294.57841796875,-254.73095703125,1.733337137310266,2.600005705965399,-2.600005705965399,Panic
20250408,3094.261962890625,3145.549072265625,3085.123046875,3145.549072265625,662200,0.0,0.0,1.58,3256.539013671875,-190.197021484375,1.7894650773786827,2.684197616068024,-2.684197616068024,Bearish
20250409,3110.010009765625,3186.81005859375,3070.077880859375,3186.81005859375,684800,0.0,0.0,1.31,3224.214013671875,-161.625,1.819899071811112,2.729848607716668,-2.729848607716668,Bearish
20250410,3227.8359375,3239.94091796875,3201.571044921875,3223.637939453125,591200,0.0,0.0,1.16,3198.9162109375,-126.489013671875,1.8481110555603013,2.772166583340452,-2.772166583340452,Sideways
20250411,3219.5048828125,3249.85400390625,3211.35009765625,3238.22705078125,475500,0.0,0.0,0.45,3178.160009765625,-103.781005859375,1.8532829334936822,2.7799244002405232,-2.7799244002405232,Sideways
20250414,3251.97802734375,3272.719970703125,3244.73291015625,3262.80810546875,471400,0.0,0.0,0.76,3211.4064453125,166.232177734375,1.8087116671091727,2.713067500663759,-2.713067500663759,Bullish
20250415,3260.68505859375,3268.985107421875,3246.3369140625,3267.662109375,396700,0.0,0.0,0.15,3235.829052734375,122.113037109375,1.808258831030558,2.712388246545837,-2.712388246545837,Bullish
20250416,3267.6650390625,3276.0048828125,3233.791015625,3276.00390625,429500,0.0,0.0,0.26,3253.667822265625,89.19384765625,1.810009813872784,2.715014720809176,-2.715014720809176,Bullish
20250417,3261.718017578125,3285.9150390625,3258.14501953125,3280.341064453125,382000,0.0,0.0,0.13,3265.008447265625,56.703125,1.8114922606862875,2.717238391029431,-2.717238391029431,Bullish
20250418,3270.35302734375,3283.090087890625,3262.39208984375,3276.72998046875,358800,0.0,0.0,-0.11,3272.709033203125,38.5029296875,1.8101087492773817,2.7151631239160725,-2.7151631239160725,Bullish
20250421,3273.137939453125,3298.639892578125,3270.012939453125,3291.43408203125,379300,0.0,0.0,0.45,3278.434228515625,28.6259765625,1.795759332134284,2.693638998201426,-2.693638998201426,Bullish
20250422,3289.166015625,3311.153076171875,3288.33203125,3299.757080078125,403200,0.0,0.0,0.25,3284.85322265625,32.094970703125,1.7966134809691263,2.6949202214536894,-2.6949202214536894,Bullish
20250423,3308.15087890625,3312.19189453125,3293.06298828125,3296.35498046875,411600,0.0,0.0,-0.1,3288.9234375,20.35107421875,1.7964919030974613,2.694737854646192,-2.694737854646192,Bullish
20250424,3295.14892578125,3313.509033203125,3286.236083984375,3297.2880859375,392800,0.0,0.0,0.03,3292.312841796875,16.947021484375,1.7966708247844345,2.695006237176652,-2.695006237176652,Bullish
20250425,3300.39208984375,3305.261962890625,3288.7548828125,3295.06005859375,411000,0.0,0.0,-0.07,3295.978857421875,18.330078125,1.7957941360154202,2.6936912040231302,-2.6936912040231302,Sideways
20250428,3292.055908203125,3296.931884765625,3279.876953125,3288.4150390625,410700,0.0,0.0,-0.2,3295.375048828125,-3.01904296875,1.7910320459091975,2.686548068863796,-2.686548068863796,Bearish
20250429,3281.445068359375,3294.98193359375,3277.626953125,3286.655029296875,389000,0.0,0.0,-0.05,3292.754638671875,-13.10205078125,1.7887745731880837,2.6831618597821256,-2.6831618597821256,Bearish
20250430,3284.0810546875,3292.199951171875,3277.550048828125,3279.031005859375,435800,0.0,0.0,-0.23,3289.28984375,-17.323974609375,1.7861207597531175,2.679181139629676,-2.679181139629676,Bearish
20250506,3295.25,3316.447998046875,3286.989013671875,3316.114013671875,474400,0.0,0.0,1.13,3293.055029296875,18.825927734375,1.8067196211569978,2.7100794317354966,-2.7100794317354966,Bullish
20250507,3354.97412109375,3356.68798828125,3324.80908203125,3342.6650390625,511200,0.0,0.0,0.8,3302.576025390625,47.60498046875,1.8154239754190526,2.7231359631285788,-2.7231359631285788,Bullish
20250508,3331.205078125,3359.73095703125,3327.902099609375,3351.99609375,428400,0.0,0.0,0.28,3315.292236328125,63.5810546875,0.5450630093948108,0.8175945140922162,-0.8175945140922162,Bullish
20250509,3350.405029296875,3351.219970703125,3335.126953125,3341.9990234375,398900,0.0,0.0,-0.3,3326.36103515625,55.343994140625,0.4900000000000013,0.735000000000002,-0.735000000000002,Bullish
20250512,3352.969970703125,3372.471923828125,3344.26904296875,3369.2451171875,418200,0.0,0.0,0.82,3344.403857421875,90.214111328125,0.44751330471253936,0.671269957068809,-0.671269957068809,Bullish
20250513,3386.23388671875,3386.23388671875,3370.251953125,3374.87109375,426200,0.0,0.0,0.17,3356.1552734375,58.757080078125,0.39701385366256586,0.5955207804938488,-0.5955207804938488,Bullish
20250514,3374.235107421875,3417.31396484375,3368.077880859375,3403.947998046875,464900,0.0,0.0,0.86,3368.411865234375,61.282958984375,0.4188992467734571,0.6283488701601856,-0.6283488701601856,Bullish
20250515,3398.427001953125,3402.865966796875,3378.02099609375,3380.821044921875,424100,0.0,0.0,-0.68,3374.17685546875,28.824951171875,0.44953162759757803,0.674297441396367,-0.674297441396367,Bullish
20250516,3374.7060546875,3380.2900390625,3356.660888671875,3367.4619140625,395400,0.0,0.0,-0.4,3379.26943359375,25.462890625,0.467879876621521,0.7018198149322814,-0.7018198149322814,Sideways
20250519,3365.882080078125,3373.59912109375,3356.64794921875,3367.5830078125,403100,0.0,0.0,0.0,3378.93701171875,-1.662109375,0.46833298994805556,0.7024994849220834,-0.7024994849220834,Bearish
20250520,3371.68896484375,3387.803955078125,3369.962890625,3380.47802734375,405500,0.0,0.0,0.38,3380.0583984375,5.60693359375,0.47140635058134545,0.7071095258720181,-0.7071095258720181,Bullish
20250521,3380.208984375,3394.75390625,3380.208984375,3387.573974609375,412500,0.0,0.0,0.21,3376.78359375,-16.3740234375,0.46747783510642593,0.7012167526596389,-0.7012167526596389,Sideways
20250522,3381.864990234375,3390.593017578125,3376.23291015625,3380.18896484375,394200,0.0,0.0,-0.22,3376.657177734375,-0.632080078125,0.47016682369693463,0.705250235545402,-0.705250235545402,Sideways
20250523,3376.868896484375,3389.468994140625,3348.3720703125,3348.3720703125,400200,0.0,0.0,-0.94,3372.839208984375,-19.08984375,0.5266225553368132,0.7899338330052199,-0.7899338330052199,Bearish
20250526,3346.56103515625,3362.306884765625,3336.35498046875,3346.839111328125,347600,0.0,0.0,-0.05,3368.6904296875,-20.743896484375,0.5258687048464125,0.7888030572696187,-0.7888030572696187,Bearish
20250527,3346.5029296875,3351.572021484375,3332.489990234375,3340.68701171875,344100,0.0,0.0,-0.18,3360.7322265625,-39.791015625,0.5289440822102696,0.7934161233154043,-0.7934161233154043,Bearish
20250528,3341.85205078125,3348.23388671875,3336.72705078125,3339.931884765625,341600,0.0,0.0,-0.02,3351.20380859375,-47.64208984375,0.5283828356907828,0.7925742535361742,-0.7925742535361742,Bearish
20250529,3340.40087890625,3368.633056640625,3337.4150390625,3363.446044921875,393200,0.0,0.0,0.7,3347.855224609375,-16.742919921875,0.5424059462490405,0.8136089193735607,-0.8136089193735607,Sideways
20250530,3358.80908203125,3361.27490234375,3341.64794921875,3347.487060546875,385600,0.0,0.0,-0.47,3347.67822265625,-0.885009765625,0.5570231026107503,0.8355346539161255,-0.8355346539161255,Bearish
20250603,3340.06689453125,3366.9970703125,3340.06689453125,3361.97607421875,398100,0.0,0.0,0.43,3350.705615234375,15.136962890625,0.5564303521934317,0.8346455282901476,-0.8346455282901476,Bullish
20250604,3363.39111328125,3379.639892578125,3363.39111328125,3376.202880859375,386500,0.0,0.0,0.42,3357.8087890625,35.515869140625,0.5096900502937273,0.7645350754405908,-0.7645350754405908,Bullish
20250605,3378.217041015625,3387.764892578125,3371.14599609375,3384.09912109375,406300,0.0,0.0,0.23,3366.642236328125,44.167236328125,0.48317589692411417,0.7247638453861712,-0.7247638453861712,Bullish
20250606,3384.294921875,3391.450927734375,3379.763916015625,3385.35791015625,380100,0.0,0.0,0.04,3371.024609375,21.911865234375,0.48044935107393955,0.7206740266109093,-0.7206740266109093,Bullish
20250609,3388.778076171875,3402.050048828125,3383.073974609375,3399.77197265625,427300,0.0,0.0,0.43,3381.481591796875,52.284912109375,0.48018938149990814,0.7202840722498622,-0.7202840722498622,Bullish
20250610,3402.012939453125,3406.451904296875,3365.6669921875,3384.81591796875,481600,0.0,0.0,-0.44,3386.049560546875,22.83984375,0.4611687098528797,0.6917530647793195,-0.6917530647793195,Sideways
20250611,3385.45703125,3413.512939453125,3385.45703125,3402.31591796875,424100,0.0,0.0,0.52,3391.27216796875,26.113037109375,0.4734965125198096,0.7102447687797144,-0.7102447687797144,Bullish
20250612,3397.971923828125,3408.205078125,3388.865966796875,3402.657958984375,409500,0.0,0.0,0.01,3394.983935546875,18.558837890625,0.4324869940240991,0.6487304910361487,-0.6487304910361487,Bullish
20250613,3397.48388671875,3401.552978515625,3370.592041015625,3376.99609375,510100,0.0,0.0,-0.75,3393.311572265625,-8.36181640625,0.43850823673474104,0.6577623551021116,-0.6577623551021116,Bearish
20250616,3369.365966796875,3389.756103515625,3368.8759765625,3388.72900390625,405400,0.0,0.0,0.35,3391.102978515625,-11.04296875,0.4350060495647111,0.6525090743470667,-0.6525090743470667,Bearish
20250617,3388.179931640625,3393.31298828125,3376.419921875,3387.405029296875,390000,0.0,0.0,-0.04,3391.62080078125,2.589111328125,0.4352552185363882,0.6528828278045823,-0.6528828278045823,Sideways
20250618,3386.135986328125,3391.708984375,3369.986083984375,3388.80908203125,378700,0.0,0.0,0.04,3388.91943359375,-13.5068359375,0.42745606114608725,0.6411840917191309,-0.6411840917191309,Bearish
20250619,3384.29296875,3386.9189453125,3353.93603515625,3362.10791015625,415300,0.0,0.0,-0.79,3380.809423828125,-40.550048828125,0.46047201183591135,0.690708017753867,-0.690708017753867,Bearish
20250620,3358.9130859375,3370.798095703125,3357.7060546875,3359.89501953125,350200,0.0,0.0,-0.07,3377.389208984375,-17.10107421875,0.4585434606045091,0.6878151909067637,-0.6878151909067637,Bearish
20250623,3349.4599609375,3389.451904296875,3347.65087890625,3381.58203125,384600,0.0,0.0,0.65,3375.959814453125,-7.14697265625,0.4291788364821962,0.6437682547232942,-0.6437682547232942,Sideways
20250624,3380.080078125,3423.783935546875,3380.080078125,3420.56591796875,461000,0.0,0.0,1.15,3382.5919921875,33.160888671875,0.49345692501180527,0.7401853875177079,-0.7401853875177079,Euphoria
20250625,3419.091064453125,3459.009033203125,3417.410888671875,3455.97412109375,509400,0.0,0.0,1.04,3396.025,67.1650390625,0.5297295735114594,0.7945943602671892,-0.7945943602671892,Bullish
20250626,3451.718994140625,3462.751953125,3446.18603515625,3448.452880859375,496500,0.0,0.0,-0.22,3413.293994140625,86.344970703125,0.5353923794750922,0.8030885692126384,-0.8030885692126384,Bullish
20250627,3450.68603515625,3462.626953125,3421.0400390625,3424.22705078125,523100,0.0,0.0,-0.7,3426.160400390625,64.33203125,0.5525279226094905,0.8287918839142356,-0.8287918839142356,Sideways
20250630,3423.47412109375,3447.4599609375,3420.112060546875,3444.426025390625,457300,0.0,0.0,0.59,3438.72919921875,62.843994140625,0.5466402165188642,0.8199603247782963,-0.8199603247782963,Bullish
20250701,3445.845947265625,3459.5869140625,3441.0380859375,3457.7470703125,444400,0.0,0.0,0.39,3446.1654296875,37.18115234375,0.5456128857098527,0.818419328564779,-0.818419328564779,Bullish
20250702,3458.1708984375,3461.327880859375,3447.9560546875,3454.7919921875,498100,0.0,0.0,-0.09,3445.92900390625,-1.18212890625,0.5438759533492726,0.8158139300239089,-0.8158139300239089,Sideways
20250703,3456.152099609375,3463.6201171875,3446.97412109375,3461.15087890625,438500,0.0,0.0,0.18,3448.468603515625,12.697998046875,0.5434439398774035,0.8151659098161053,-0.8151659098161053,Bullish
20250704,3459.592041015625,3497.22509765625,3455.493896484375,3472.319091796875,500200,0.0,0.0,0.32,3458.08701171875,48.092041015625,0.5450280050747766,0.8175420076121649,-0.8175420076121649,Bullish
20250707,3467.985107421875,3474.801025390625,3462.7919921875,3473.126953125,436600,0.0,0.0,0.02,3463.827197265625,28.700927734375,0.5407850044635416,0.8111775066953124,-0.8111775066953124,Bullish
20250708,3474.632080078125,3499.885986328125,3474.632080078125,3497.47509765625,493500,0.0,0.0,0.7,3471.772802734375,39.72802734375,0.5400633491106694,0.8100950236660042,-0.8100950236660042,Bullish
20250709,3498.72412109375,3512.6689453125,3491.200927734375,3493.050048828125,523900,0.0,0.0,-0.13,3479.4244140625,38.258056640625,0.5371256346223128,0.8056884519334692,-0.8056884519334692,Bullish
20250710,3491.4970703125,3526.590087890625,3491.4970703125,3509.681884765625,564200,0.0,0.0,0.48,3489.130615234375,48.531005859375,0.5417457162291482,0.8126185743437224,-0.8126185743437224,Bullish
20250711,3511.364990234375,3555.218017578125,3506.799072265625,3510.177001953125,664200,0.0,0.0,0.01,3496.702197265625,37.85791015625,0.4998884085999923,0.7498326128999884,-0.7498326128999884,Bullish
20250714,3513.2509765625,3532.117919921875,3513.2509765625,3519.64990234375,572100,0.0,0.0,0.27,3506.006787109375,46.52294921875,0.49889351252757985,0.7483402687913698,-0.7483402687913698,Bullish
20250715,3519.804931640625,3527.0380859375,3483.3798828125,3504.9990234375,572100,0.0,0.0,-0.42,3507.511572265625,7.52392578125,0.5150871157795607,0.772630673669341,-0.772630673669341,Sideways
20250716,3502.89892578125,3511.805908203125,3489.136962890625,3503.777099609375,470900,0.0,0.0,-0.03,3509.656982421875,10.72705078125,0.5162605931116584,0.7743908896674876,-0.7743908896674876,Sideways
20250717,3500.3720703125,3517.284912109375,3499.18603515625,3516.824951171875,472200,0.0,0.0,0.37,3511.085595703125,7.14306640625,0.4657136572254641,0.6985704858381961,-0.6985704858381961,Bullish
20250718,3519.47509765625,3536.013916015625,3518.23095703125,3534.48291015625,493500,0.0,0.0,0.5,3515.94677734375,24.305908203125,0.4641165915223427,0.6961748872835141,-0.6961748872835141,Bullish
20250721,3542.81591796875,3560.6279296875,3542.568115234375,3559.791015625,633600,0.0,0.0,0.72,3523.975,40.14111328125,0.4675116097629653,0.701267414644448,-0.701267414644448,Bullish
20250722,3561.632080078125,3584.718994140625,3547.251953125,3581.861083984375,716200,0.0,0.0,0.62,3539.347412109375,76.862060546875,0.4275745549024184,0.6413618323536276,-0.6413618323536276,Bullish
20250723,3588.8779296875,3613.02197265625,3577.593994140625,3582.298095703125,767700,0.0,0.0,0.01,3555.051611328125,78.52099609375,0.38490566171602864,0.5773584925740429,-0.5773584925740429,Bullish
20250724,3578.912109375,3608.72802734375,3577.113037109375,3605.72705078125,773300,0.0,0.0,0.65,3572.83203125,88.902099609375,0.38653793985502855,0.5798069097825428,-0.5798069097825428,Bullish
20250725,3604.449951171875,3610.029052734375,3586.219970703125,3593.655029296875,697200,0.0,0.0,-0.33,3584.666455078125,59.172119140625,0.34685466393683984,0.5202819959052598,-0.5202819959052598,Bullish
20250728,3594.23095703125,3606.27392578125,3582.14892578125,3597.93701171875,594200,0.0,0.0,0.12,3592.295654296875,38.14599609375,0.3378040540718386,0.5067060811077579,-0.5067060811077579,Bullish
20250729,3595.81005859375,3611.35302734375,3585.944091796875,3609.7109375,610600,0.0,0.0,0.33,3597.865625,27.849853515625,0.33645989829086015,0.5046898474362902,-0.5046898474362902,Bullish
20250730,3608.35400390625,3636.1669921875,3593.73388671875,3615.717041015625,637200,0.0,0.0,0.17,3604.5494140625,33.4189453125,0.32899528072123363,0.49349292108185044,-0.49349292108185044,Bullish
20250731,3604.696044921875,3606.375,3562.60693359375,3573.2080078125,654500,0.0,0.0,-1.18,3598.04560546875,-32.51904296875,0.45561987849984303,0.6834298177497645,-0.6834298177497645,Panic
20250801,3568.260986328125,3581.74609375,3550.04296875,3559.951904296875,509600,0.0,0.0,-0.37,3591.30498046875,-33.703125,0.4687999797916301,0.7031999696874451,-0.7031999696874451,Bearish
20250804,3547.1630859375,3583.30908203125,3547.1630859375,3583.30908203125,458600,0.0,0.0,0.66,3588.37939453125,-14.6279296875,0.4828519986823914,0.7242779980235872,-0.7242779980235872,Bearish
20250805,3588.80810546875,3617.597900390625,3586.968994140625,3617.597900390625,499800,0.0,0.0,0.96,3589.956787109375,7.886962890625,0.5013715399308508,0.7520573098962762,-0.7520573098962762,Bullish
20250806,3615.80810546875,3634.31298828125,3613.989990234375,3633.9951171875,512500,0.0,0.0,0.45,3593.61240234375,18.278076171875,0.4998470818792074,0.7497706228188111,-0.7497706228188111,Bullish
20250807,3637.781005859375,3645.116943359375,3622.52197265625,3639.6669921875,535500,0.0,0.0,0.16,3606.90419921875,66.458984375,0.4954984199879224,0.7432476299818835,-0.7432476299818835,Bullish
20250808,3634.85400390625,3645.366943359375,3625.450927734375,3635.1279296875,526400,0.0,0.0,-0.12,3621.939404296875,75.176025390625,0.49873629779357675,0.7481044466903651,-0.7481044466903651,Bullish
20250811,3637.052978515625,3656.85205078125,3629.626953125,3647.547119140625,551400,0.0,0.0,0.34,3634.78701171875,64.238037109375,0.49966804770241013,0.7495020715536151,-0.7495020715536151,Bullish
20250812,3647.9619140625,3669.0380859375,3647.9619140625,3665.91796875,536600,0.0,0.0,0.5,3644.451025390625,48.320068359375,0.4835643428585401,0.7253465142878102,-0.7253465142878102,Bullish
20250813,3668.657958984375,3688.6279296875,3666.547119140625,3683.465087890625,613500,0.0,0.0,0.48,3654.34501953125,49.469970703125,0.48277269359835556,0.7241590403975333,-0.7241590403975333,Bullish
20250814,3685.52197265625,3704.77099609375,3662.570068359375,3666.443115234375,647800,0.0,0.0,-0.46,3659.700244140625,26.776123046875,0.5071538228190745,0.7607307342286118,-0.7607307342286118,Bullish
20250815,3659.81494140625,3702.2548828125,3658.3759765625,3696.77099609375,678500,0.0,0.0,0.83,3672.028857421875,61.64306640625,0.5222129027412812,0.7833193541119218,-0.7833193541119218,Bullish
20250818,3712.4951171875,3745.93896484375,3702.3798828125,3728.027099609375,776000,0.0,0.0,0.85,3688.124853515625,80.47998046875,0.5294314229236384,0.7941471343854576,-0.7941471343854576,Bullish
20250819,3728.485107421875,3746.6689453125,3718.14697265625,3727.2880859375,696100,0.0,0.0,-0.02,3700.398876953125,61.3701171875,0.5241562141595828,0.7862343212393742,-0.7862343212393742,Bullish
20250820,3716.68505859375,3767.429931640625,3704.990966796875,3766.2099609375,679800,0.0,0.0,1.04,3716.9478515625,82.744873046875,0.554095754597668,0.831143631896502,-0.831143631896502,Bullish
20250821,3770.676025390625,3787.98095703125,3757.991943359375,3771.09912109375,691600,0.0,0.0,0.13,3737.879052734375,104.656005859375,0.5466366059342985,0.8199549089014477,-0.8199549089014477,Bullish
20250822,3772.277099609375,3825.759033203125,3772.277099609375,3825.759033203125,698100,0.0,0.0,1.45,3763.67666015625,128.988037109375,0.5940264038079905,0.8910396057119858,-0.8910396057119858,Euphoria
20250825,3848.1630859375,3883.56201171875,3839.971923828125,3883.56201171875,885500,0.0,0.0,1.51,3794.783642578125,155.534912109375,0.6486867300047163,0.9730300950070745,-0.9730300950070745,Euphoria
20250826,3871.470947265625,3888.597900390625,3859.758056640625,3868.382080078125,734600,0.0,0.0,-0.39,3823.00244140625,141.093994140625,0.6715063584759905,1.0072595377139857,-1.0072595377139857,Bullish
20250827,3869.612060546875,3887.197998046875,3800.35009765625,3800.35009765625,858600,0.0,0.0,-1.76,3829.83046875,34.14013671875,0.8207512604796587,1.231126890719488,-1.231126890719488,Sideways
20250828,3796.7109375,3845.0869140625,3761.422119140625,3843.596923828125,788400,0.0,0.0,1.14,3844.330029296875,72.497802734375,0.7699343786118544,1.1549015679177816,-1.1549015679177816,Sideways
20250829,3842.822998046875,3867.60595703125,3839.2060546875,3857.927001953125,739500,0.0,0.0,0.37,3850.763623046875,32.16796875,0.7500764873278635,1.1251147309917953,-1.1251147309917953,Bullish
20250901,3869.74609375,3879.044921875,3853.657958984375,3875.531005859375,747700,0.0,0.0,0.46,3849.157421875,-8.031005859375,0.7478418070829244,1.1217627106243866,-1.1217627106243866,Sideways
20250902,3877.0859375,3885.31396484375,3828.677001953125,3858.133056640625,762600,0.0,0.0,-0.45,3847.1076171875,-10.2490234375,0.7582630775244456,1.1373946162866684,-1.1373946162866684,Sideways
20250903,3865.285888671875,3868.387939453125,3794.884033203125,3813.556884765625,645700,0.0,0.0,-1.16,3849.748974609375,13.206787109375,0.8267214894102081,1.2400822341153122,-1.2400822341153122,Sideways
20250904,3807.757080078125,3808.39599609375,3732.840087890625,3765.8759765625,710200,0.0,0.0,-1.25,3834.20478515625,-77.720947265625,0.8919020184562411,1.3378530276843617,-1.3378530276843617,Bearish
20250905,3761.8798828125,3817.158935546875,3745.30908203125,3812.513916015625,626200,0.0,0.0,1.24,3825.12216796875,-45.4130859375,0.9196788627158486,1.379518294073773,-1.379518294073773,Bearish
20250908,3811.6689453125,3833.14306640625,3803.60302734375,3826.841064453125,660100,0.0,0.0,0.38,3815.3841796875,-48.68994140625,0.9199455075394989,1.3799182613092484,-1.3799182613092484,Sideways
20250909,3816.656982421875,3834.6708984375,3791.72412109375,3807.2919921875,600200,0.0,0.0,-0.51,3805.215966796875,-50.841064453125,0.932813514391585,1.3992202715873776,-1.3992202715873776,Sideways
20250910,3806.583984375,3826.99609375,3794.056884765625,3812.220947265625,534500,0.0,0.0,0.13,3804.948779296875,-1.3359375,0.9304457053081155,1.3956685579621733,-1.3956685579621733,Sideways
20250911,3806.055908203125,3875.30908203125,3796.43505859375,3875.30908203125,617000,0.0,0.0,1.65,3826.835400390625,109.43310546875,0.9731208612121707,1.459681291818256,-1.459681291818256,Bullish
20250912,3875.507080078125,3892.738037109375,3866.5390625,3870.597900390625,700600,0.0,0.0,-0.12,3838.452197265625,58.083984375,0.9681369792164313,1.4522054688246469,-1.4522054688246469,Bullish
20250915,3876.096923828125,3879.737060546875,3855.971923828125,3860.50390625,644800,0.0,0.0,-0.26,3845.184765625,33.662841796875,0.9627969125089896,1.4441953687634843,-1.4441953687634843,Bullish
20250916,3865.97998046875,3876.68994140625,3838.64794921875,3861.864990234375,673400,0.0,0.0,0.04,3856.099365234375,54.572998046875,0.9622375240197089,1.4433562860295632,-1.4433562860295632,Bullish
20250917,3854.072998046875,3882.6689453125,3848.946044921875,3876.341064453125,663400,0.0,0.0,0.37,3868.923388671875,64.1201171875,0.942249687547951,1.4133745313219266,-1.4133745313219266,Bullish
20250918,3876.05908203125,3899.958984375,3800.9951171875,3831.656005859375,876000,0.0,0.0,-1.15,3860.1927734375,-43.653076171875,0.9860259151072849,1.4790388726609274,-1.4790388726609274,Bearish
20250919,3830.444091796875,3843.169921875,3811.903076171875,3820.089111328125,682300,0.0,0.0,-0.3,3850.091015625,-50.5087890625,0.9347901537665809,1.4021852306498714,-1.4021852306498714,Bearish
20250922,3822.010009765625,3831.739990234375,3806.201904296875,3828.575927734375,568300,0.0,0.0,0.22,3843.705419921875,-31.927978515625,0.866941842279364,1.3004127634190459,-1.3004127634190459,Bearish
20250923,3830.137939453125,3838.60595703125,3774.528076171875,3821.8330078125,701900,0.0,0.0,-0.18,3835.6990234375,-40.031982421875,0.8640973385714809,1.2961460078572213,-1.2961460078572213,Bearish
20250924,3804.48291015625,3854.923095703125,3804.327880859375,3853.64208984375,602100,0.0,0.0,0.83,3831.159228515625,-22.698974609375,0.7859883151669291,1.1789824727503937,-1.1789824727503937,Sideways
20250925,3852.430908203125,3866.10595703125,3840.458984375,3853.302001953125,590000,0.0,0.0,-0.01,3835.488427734375,21.64599609375,0.7447677136989905,1.1171515705484858,-1.1171515705484858,Bullish
20250926,3839.85498046875,3856.60595703125,3828.10595703125,3828.10595703125,551300,0.0,0.0,-0.65,3837.091796875,8.016845703125,0.7540445330978386,1.1310667996467578,-1.1310667996467578,Sideways
20250929,3828.166015625,3881.001953125,3809.534912109375,3862.531982421875,608500,0.0,0.0,0.9,3843.8830078125,33.9560546875,0.7753939575942572,1.1630909363913857,-1.1630909363913857,Bullish
20250930,3869.705078125,3887.570068359375,3866.281005859375,3882.777099609375,569700,0.0,0.0,0.52,3856.071826171875,60.944091796875,0.7770218109788443,1.1655327164682663,-1.1655327164682663,Bullish
20251009,3898.306884765625,3936.575927734375,3885.743896484375,3933.971923828125,725200,0.0,0.0,1.32,3872.13779296875,80.329833984375,0.7742451332206036,1.1613676998309055,-1.1613676998309055,Bullish
20251010,3915.47509765625,3933.0048828125,3886.304931640625,3897.028076171875,718900,0.0,0.0,-0.94,3880.8830078125,43.72607421875,0.7471940493395418,1.1207910740093128,-1.1207910740093128,Bullish
20251013,3800.10498046875,3895.830078125,3800.10498046875,3889.501953125,709500,0.0,0.0,-0.19,3893.16220703125,61.39599609375,0.7071653941878397,1.0607480912817597,-1.0607480912817597,Sideways
20251014,3910.781982421875,3918.43603515625,3851.12109375,3865.22900390625,800800,0.0,0.0,-0.62,3893.701611328125,2.697021484375,0.7217148802824099,1.0825723204236148,-1.0825723204236148,Sideways
20251015,3867.535888671875,3912.291015625,3857.6669921875,3912.208984375,645000,0.0,0.0,1.22,3899.58798828125,29.431884765625,0.7537129147724202,1.1305693721586303,-1.1305693721586303,Bullish
20251016,3900.68310546875,3931.050048828125,3899.1669921875,3916.22802734375,595500,0.0,0.0,0.1,3896.039208984375,-17.743896484375,0.75376161944435,1.1306424291665251,-1.1306424291665251,Sideways
20251017,3912.0400390625,3921.06494140625,3835.364990234375,3839.7548828125,617600,0.0,0.0,-1.95,3884.5845703125,-57.273193359375,0.8018719874210141,1.202807981131521,-1.202807981131521,Panic
20251020,3865.552001953125,3877.720947265625,3850.366943359375,3863.89306640625,549300,0.0,0.0,0.63,3879.46279296875,-25.60888671875,0.8154785485577749,1.2232178228366624,-1.2232178228366624,Bearish
20251021,3870.7490234375,3919.318115234375,3868.14501953125,3916.33203125,599400,0.0,0.0,1.36,3889.6833984375,51.10302734375,0.8676065079467647,1.301409761920147,-1.301409761920147,Bullish
20251022,3896.072998046875,3918.592041015625,3893.324951171875,3913.758056640625,543100,0.0,0.0,-0.07,3889.993212890625,1.549072265625,0.8681951939148493,1.302292790872274,-1.302292790872274,Bullish
20251023,3904.158935546875,3926.217041015625,3877.529052734375,3922.409912109375,565200,0.0,0.0,0.22,3891.22958984375,6.181884765625,0.8661171672287888,1.2991757508431832,-1.2991757508431832,Bullish
20251024,3929.114990234375,3950.31201171875,3928.9599609375,3950.31201171875,567900,0.0,0.0,0.71,3913.341015625,110.55712890625,0.8280376294525958,1.2420564441788937,-1.2420564441788937,Bullish
20251027,3969.219970703125,3999.06689453125,3963.10205078125,3996.945068359375,637600,0.0,0.0,1.18,3939.951416015625,133.052001953125,0.8509561186039349,1.2764341779059025,-1.2764341779059025,Bullish
20251028,3986.89111328125,4010.72802734375,3976.8330078125,3988.22412109375,577400,0.0,0.0,-0.22,3954.329833984375,71.89208984375,0.856895252457505,1.2853428786862575,-1.2853428786862575,Bullish
20251029,3990.264892578125,4016.3310546875,3986.94091796875,4016.3310546875,612900,0.0,0.0,0.7,3974.84443359375,102.572998046875,0.8585152421783974,1.287772863267596,-1.287772863267596,Bullish
20251030,4007.821044921875,4025.705078125,3984.827880859375,3986.90087890625,668500,0.0,0.0,-0.73,3987.742626953125,64.490966796875,0.8739649517240985,1.3109474275861477,-1.3109474275861477,Sideways
20251031,3985.06396484375,3986.742919921875,3951.73095703125,3954.7900390625,675600,0.0,0.0,-0.81,3988.638232421875,4.47802734375,0.900727191598106,1.351090787397159,-1.351090787397159,Sideways
20251103,3954.077880859375,3977.304931640625,3937.02099609375,3976.52099609375,641200,0.0,0.0,0.55,3984.55341796875,-20.424072265625,0.8855946560006123,1.3283919840009184,-1.3283919840009184,Bearish
20251104,3973.4580078125,3985.882080078125,3938.52001953125,3960.18603515625,615500,0.0,0.0,-0.41,3978.94580078125,-28.0380859375,0.8790501752040758,1.3185752628061138,-1.3185752628061138,Bearish
20251105,3922.583984375,3979.75390625,3922.583984375,3969.248046875,615000,0.0,0.0,0.23,3969.52919921875,-47.0830078125,0.8746331561830579,1.311949734274587,-1.311949734274587,Bearish
20251106,3973.34912109375,4008.799072265625,3973.34912109375,4007.760009765625,627400,0.0,0.0,0.97,3973.701025390625,20.859130859375,0.852453270829181,1.2786799062437715,-1.2786799062437715,Bullish
20251107,3994.31689453125,4012.0048828125,3993.69091796875,3997.555908203125,596500,0.0,0.0,-0.25,3982.25419921875,42.765869140625,0.8217049028504221,1.2325573542756332,-1.2325573542756332,Bullish
20251110,4001.7939453125,4018.696044921875,3990.8359375,4018.596923828125,634000,0.0,0.0,0.53,3990.669384765625,42.075927734375,0.8226727941993646,1.2340091912990467,-1.2340091912990467,Bullish
20251111,4023.876953125,4024.93896484375,3991.51611328125,4002.758056640625,582000,0.0,0.0,-0.39,3999.1837890625,42.572021484375,0.8126388140528754,1.218958221079313,-1.218958221079313,Bullish
20251112,3996.56494140625,4020.376953125,3980.676025390625,4000.139892578125,586200,0.0,0.0,-0.07,4005.362158203125,30.891845703125,0.7759910471539981,1.163986570730997,-1.163986570730997,Sideways
20251113,3996.513916015625,4030.39794921875,3994.77099609375,4029.5009765625,613000,0.0,0.0,0.73,4009.7103515625,21.740966796875,0.7880854548908557,1.1821281823362835,-1.1821281823362835,Bullish
20251114,4007.1259765625,4034.0791015625,3990.306884765625,3990.491943359375,622000,0.0,0.0,-0.97,4008.29755859375,-7.06396484375,0.6730017204951815,1.0095025807427722,-1.0095025807427722,Bearish
20251117,3988.555908203125,3992.404052734375,3958.947998046875,3972.034912109375,592000,0.0,0.0,-0.46,3998.98515625,-46.56201171875,0.6799767797893045,1.0199651696839567,-1.0199651696839567,Bearish
20251118,3962.444091796875,3966.885009765625,3926.587890625,3939.81298828125,594400,0.0,0.0,-0.81,3986.396142578125,-62.945068359375,0.6474100221977614,0.9711150332966422,-0.9711150332966422,Bearish
20251119,3937.919921875,3960.052001953125,3930.073974609375,3946.741943359375,531100,0.0,0.0,0.18,3975.716552734375,-53.39794921875,0.6477605145503444,0.9716407718255167,-0.9716407718255167,Bearish
20251120,3960.698974609375,3967.970947265625,3927.511962890625,3931.051025390625,534700,0.0,0.0,-0.4,3956.0265625,-98.449951171875,0.6537028135330712,0.9805542202996069,-0.9805542202996069,Bearish
20251121,3896.6650390625,3912.006103515625,3834.7490234375,3834.89111328125,631600,0.0,0.0,-2.45,3924.906396484375,-155.600830078125,0.8335245394676377,1.2502868092014565,-1.2502868092014565,Panic
20251124,3848.656005859375,3854.3310546875,3816.575927734375,3836.764892578125,504600,0.0,0.0,0.05,3897.852392578125,-135.27001953125,0.7752437647197447,1.162865647079617,-1.162865647079617,Bearish
20251125,3850.571044921875,3882.030029296875,3845.137939453125,3870.02294921875,478700,0.0,0.0,0.87,3883.894384765625,-69.7900390625,0.8113478065280607,1.217021709792091,-1.217021709792091,Bearish
20251126,3867.428955078125,3879.923095703125,3861.177001953125,3864.18408203125,457600,0.0,0.0,-0.15,3867.3828125,-82.557861328125,0.7865278460624135,1.1797917690936204,-1.1797917690936204,Bearish
20251127,3867.197021484375,3895.589111328125,3864.131103515625,3875.260009765625,444000,0.0,0.0,0.29,3856.224609375,-55.791015625,0.7826962508231609,1.1740443762347412,-1.1740443762347412,Sideways
20251128,3870.944091796875,3888.887939453125,3856.25,3888.595947265625,449900,0.0,0.0,0.34,3866.965576171875,53.704833984375,0.7729499200772125,1.159424880115819,-1.159424880115819,Bullish
20251201,3894.212890625,3914.464111328125,3890.947998046875,3914.006103515625,537600,0.0,0.0,0.65,3882.413818359375,77.2412109375,0.7775562257551071,1.1663343386326606,-1.1663343386326606,Bullish
20251202,3908.4560546875,3908.76904296875,3888.326904296875,3897.7119140625,455600,0.0,0.0,-0.42,3887.951611328125,27.68896484375,0.7777854865950479,1.1666782298925717,-1.1666782298925717,Bullish
20251203,3894.156005859375,3901.696044921875,3869.952880859375,3878.0,485600,0.0,0.0,-0.51,3890.714794921875,13.81591796875,0.7800355929800833,1.1700533894701248,-1.1700533894701248,Sideways
20251204,3879.741943359375,3888.860107421875,3859.049072265625,3875.79296875,445000,0.0,0.0,-0.06,3890.82138671875,0.532958984375,0.7375813960434973,1.106372094065246,-1.106372094065246,Sideways
20251205,3873.12109375,3907.781005859375,3863.31396484375,3902.80810546875,500400,0.0,0.0,0.7,3893.663818359375,14.212158203125,0.7620048003716737,1.1430072005575105,-1.1430072005575105,Bullish
20251208,3909.22607421875,3936.31103515625,3904.738037109375,3924.077880859375,547300,0.0,0.0,0.54,3895.678173828125,10.07177734375,0.7624551755590899,1.1436827633386348,-1.1436827633386348,Bullish
20251209,3916.509033203125,3923.89892578125,3902.1279296875,3909.52099609375,524500,0.0,0.0,-0.37,3898.039990234375,11.80908203125,0.7620913054842822,1.1431369582264232,-1.1431369582264232,Bullish
20251210,3901.126953125,3906.115966796875,3876.47509765625,3900.49609375,497300,0.0,0.0,-0.23,3902.539208984375,22.49609375,0.7624227312014197,1.1436340968021295,-1.1436340968021295,Sideways
20251211,3903.89501953125,3904.962890625,3862.821044921875,3873.318115234375,525700,0.0,0.0,-0.7,3902.04423828125,-2.474853515625,0.7449724473887753,1.1174586710831629,-1.1174586710831629,Bearish
20251212,3869.4130859375,3891.806884765625,3850.596923828125,3889.345947265625,573900,0.0,0.0,0.41,3899.351806640625,-13.462158203125,0.7332786861616447,1.099918029242467,-1.099918029242467,Bearish
20251215,3865.402099609375,3896.97705078125,3863.6298828125,3867.9208984375,500900,0.0,0.0,-0.55,3888.12041015625,-56.156982421875,0.7357051755038553,1.103557763255783,-1.103557763255783,Bearish
20251216,3861.513916015625,3862.427001953125,3815.843994140625,3824.81201171875,512500,0.0,0.0,-1.11,3871.17861328125,-84.708984375,0.7531296107087521,1.1296944160631281,-1.1296944160631281,Bearish
20251217,3822.509033203125,3881.751953125,3817.99609375,3870.278076171875,512300,0.0,0.0,1.19,3865.135009765625,-30.218017578125,0.8080025729505678,1.2120038594258515,-1.2120038594258515,Sideways
20251218,3857.257080078125,3888.284912109375,3856.423095703125,3876.37109375,461200,0.0,0.0,0.16,3865.74560546875,3.052978515625,0.8065969775609918,1.2098954663414876,-1.2098954663414876,Bullish
20251219,3878.22705078125,3902.6708984375,3871.777099609375,3890.447998046875,513500,0.0,0.0,0.36,3865.966015625,1.10205078125,0.5836825020144901,0.8755237530217352,-0.8755237530217352,Bullish
20251222,3900.534912109375,3920.011962890625,3900.514892578125,3917.364013671875,522900,0.0,0.0,0.69,3875.854638671875,49.443115234375,0.5996797390888614,0.8995196086332922,-0.8995196086332922,Bullish
20251223,3919.10595703125,3937.126953125,3910.7451171875,3919.97900390625,521200,0.0,0.0,0.07,3894.888037109375,95.1669921875,0.5720093852744952,0.8580140779117428,-0.8580140779117428,Bullish
20251224,3920.346923828125,3947.041015625,3912.31103515625,3940.947021484375,474900,0.0,0.0,0.53,3909.021826171875,70.6689453125,0.5787272787400775,0.8680909181101162,-0.8680909181101162,Bullish
20251225,3937.718994140625,3964.072998046875,3936.077880859375,3959.62109375,469300,0.0,0.0,0.47,3925.671826171875,83.25,0.5832359818515285,0.8748539727772927,-0.8748539727772927,Bullish
20251226,3957.8330078125,3977.7060546875,3945.52392578125,3963.678955078125,555500,0.0,0.0,0.1,3940.318017578125,73.23095703125,0.5806747436342806,0.871012115451421,-0.871012115451421,Bullish
20251229,3964.65087890625,3983.97900390625,3956.946044921875,3965.280029296875,563700,0.0,0.0,0.04,3949.901220703125,47.916015625,0.5658758930329071,0.8488138395493606,-0.8488138395493606,Bullish
20251230,3947.87109375,3979.989990234375,3947.4189453125,3965.115966796875,525900,0.0,0.0,-0.0,3958.92861328125,45.136962890625,0.5545911248744199,0.8318866873116297,-0.8318866873116297,Bullish
20251231,3968.72607421875,3977.535888671875,3955.487060546875,3968.840087890625,490800,0.0,0.0,0.09,3964.5072265625,27.89306640625,0.5365609299780855,0.8048413949671283,-0.8048413949671283,Bullish
20260105,3986.971923828125,4025.262939453125,3983.575927734375,4023.4169921875,597000,0.0,0.0,1.38,3977.26640625,63.7958984375,0.6040065789115394,0.9060098683673091,-0.9060098683673091,Euphoria
20260106,4026.01611328125,4083.6669921875,4025.087890625,4083.6669921875,702500,0.0,0.0,1.5,4001.264013671875,119.988037109375,0.6632477904817686,0.9948716857226529,-0.9948716857226529,Euphoria
20260107,4083.843017578125,4098.77685546875,4069.43603515625,4085.77197265625,683400,0.0,0.0,0.05,4025.36240234375,120.491943359375,0.6601786042228912,0.9902679063343368,-0.9902679063343368,Bullish
20260108,4077.715087890625,4093.8720703125,4067.1220703125,4082.97900390625,666100,0.0,0.0,-0.07,4048.935009765625,117.863037109375,0.6497764797868657,0.9746647196802986,-0.9746647196802986,Bullish
20260109,4086.761962890625,4121.72314453125,4083.614990234375,4120.42578125,729800,0.0,0.0,0.92,4079.2521484375,151.585693359375,0.6587729822216936,0.9881594733325403,-0.9881594733325403,Bullish
20260112,4134.89306640625,4168.35693359375,4119.87890625,4165.287109375,839500,0.0,0.0,1.09,4107.626171875,141.8701171875,0.6404636478446899,0.9606954717670348,-0.9606954717670348,Bullish
20260113,4169.7041015625,4179.7021484375,4140.96728515625,4138.75830078125,1537486964,0.0,0.0,-0.64,4118.64443359375,55.09130859375,0.6785687336709452,1.0178531005064178,-1.0178531005064178,Bullish
